ID,y
1,77.410965
2,93.83903
3,77.410965
4,77.410965
5,112.0005
8,93.179054
10,112.0005
11,93.83903
12,114.88362
14,93.83903
15,114.88362
16,103.09067
17,93.179054
19,93.83903
20,103.09067
21,93.179054
22,114.88362
23,93.179054
26,93.83903
28,93.179054
29,93.179054
33,93.179054
35,93.83903
41,93.179054
42,93.179054
43,114.88362
45,103.09067
46,103.09067
51,93.83903
53,77.410965
55,112.0005
56,93.83903
57,103.09067
58,93.83903
59,103.09067
63,112.0005
64,93.83903
65,103.09067
69,93.83903
71,93.83903
72,103.09067
73,93.83903
76,103.09067
77,103.09067
78,114.88362
82,93.83903
83,103.09067
84,93.83903
85,103.09067
87,112.0005
88,93.179054
89,112.0005
91,93.83903
93,93.83903
94,103.09067
95,93.83903
96,112.0005
97,93.179054
98,112.0005
99,93.83903
101,103.09067
103,112.0005
104,93.179054
105,112.0005
110,93.83903
111,112.0005
113,112.0005
114,93.179054
115,113.02994
117,112.0005
120,93.179054
121,112.0005
122,93.179054
123,112.0005
126,112.0005
132,112.0005
135,103.09067
137,103.09067
138,93.83903
140,93.83903
142,113.02994
144,112.0005
148,93.179054
149,112.0005
155,93.179054
156,112.0005
157,93.179054
162,112.0005
163,93.83903
167,93.179054
172,114.88362
179,112.0005
180,93.179054
181,112.0005
182,93.83903
183,112.0005
185,112.0005
187,112.0005
188,93.83903
189,93.83903
191,93.179054
192,113.02994
193,93.83903
194,112.0005
195,93.179054
196,112.0005
198,93.83903
199,112.0005
201,103.09067
204,93.83903
205,103.09067
206,93.83903
210,93.83903
211,103.09067
216,112.0005
219,114.88362
220,93.179054
221,112.0005
226,112.0005
227,93.179054
228,112.0005
230,112.0005
231,93.179054
235,114.88362
236,93.83903
238,112.0005
242,103.09067
243,93.83903
244,77.410965
245,111.20043
247,112.0005
248,93.179054
249,93.179054
250,112.0005
251,93.83903
253,114.88362
254,93.179054
256,93.83903
257,93.179054
258,112.0005
259,93.83903
262,77.410965
266,93.179054
267,112.0005
272,103.09067
273,112.0005
275,93.179054
276,112.0005
279,93.83903
280,103.09067
283,93.179054
285,112.0005
288,112.0005
289,93.83903
290,103.09067
291,93.83903
292,112.0005
293,112.0005
296,93.179054
297,112.0005
298,114.88362
299,93.83903
304,93.179054
305,94.012535
306,93.83903
307,112.0005
311,103.09067
313,112.0005
314,93.179054
316,93.83903
324,93.83903
327,93.83903
329,93.179054
330,112.0005
337,103.09067
338,93.83903
339,103.09067
340,93.83903
343,93.179054
345,114.88362
346,93.179054
347,112.0005
349,113.02994
350,93.179054
352,112.0005
353,93.179054
354,77.410965
357,93.83903
358,112.0005
362,112.0005
364,113.02994
365,103.09067
366,93.83903
367,112.0005
368,93.83903
370,77.410965
373,93.83903
377,93.179054
378,112.0005
382,103.09067
384,112.0005
390,93.83903
392,112.0005
393,114.88362
395,93.83903
396,103.09067
399,77.410965
406,112.0005
408,112.0005
409,93.179054
410,77.410965
412,112.0005
413,93.179054
419,93.83903
420,112.0005
421,93.179054
430,93.83903
434,93.83903
436,93.83903
437,93.83903
438,93.179054
439,112.0005
440,93.83903
443,112.0005
446,93.83903
448,93.83903
452,93.83903
453,103.09067
457,103.09067
458,93.83903
459,113.02994
460,103.09067
462,103.09067
464,103.09067
465,114.88362
467,112.0005
471,112.0005
472,77.410965
473,93.179054
475,93.83903
480,93.83903
488,112.0005
490,112.0005
491,103.09067
492,77.410965
493,93.83903
497,93.179054
498,112.0005
499,93.83903
500,103.09067
501,93.83903
502,112.0005
506,77.410965
510,112.0005
511,93.179054
512,93.179054
516,93.179054
518,93.179054
519,112.0005
521,93.179054
522,112.0005
526,112.0005
529,93.83903
532,112.0005
533,93.83903
536,112.0005
537,93.179054
539,93.83903
540,103.09067
541,93.83903
543,93.83903
546,112.0005
547,93.83903
548,77.410965
551,93.83903
552,103.09067
556,103.09067
557,93.83903
558,112.0005
559,93.83903
560,103.09067
562,103.09067
566,93.83903
570,112.0005
571,93.83903
572,103.09067
573,93.83903
575,114.88362
576,112.0005
577,93.179054
579,93.179054
580,112.0005
581,112.0005
589,112.0005
591,103.09067
593,93.83903
594,103.09067
595,93.83903
598,93.83903
602,112.0005
604,112.0005
606,113.02994
608,93.83903
609,103.09067
610,93.83903
616,112.0005
617,93.83903
618,103.09067
620,103.09067
622,112.0005
623,93.179054
624,123.63487
626,112.0005
628,112.0005
629,93.179054
630,112.0005
637,93.83903
638,103.09067
643,93.83903
645,93.83903
646,112.0005
648,93.83903
652,93.83903
653,93.83903
654,112.0005
656,112.0005
657,93.179054
659,93.83903
660,103.09067
663,93.179054
664,112.0005
666,103.09067
668,112.0005
669,93.83903
671,93.83903
675,93.179054
677,93.83903
678,111.20043
679,103.09067
682,93.83903
685,103.09067
687,93.83903
688,93.179054
693,112.0005
696,93.83903
698,93.83903
701,93.83903
704,103.09067
705,114.88362
709,112.0005
710,93.83903
711,103.09067
712,93.83903
714,112.0005
715,93.179054
716,112.0005
717,93.179054
720,114.88362
721,93.179054
724,103.09067
725,93.83903
726,112.0005
728,112.0005
731,93.179054
734,103.09067
738,93.179054
745,112.0005
746,93.179054
751,77.410965
754,93.179054
756,93.179054
758,93.83903
759,113.02994
761,114.88362
766,93.83903
767,112.0005
768,93.179054
769,112.0005
770,93.83903
771,77.410965
772,103.09067
773,93.83903
774,112.0005
776,112.0005
777,93.83903
780,114.88362
782,103.09067
787,103.09067
788,93.83903
792,93.179054
793,112.0005
798,93.83903
800,93.179054
806,112.0005
809,112.0005
811,112.0005
812,93.179054
814,114.88362
816,103.09067
817,93.83903
818,103.09067
820,112.0005
823,93.83903
829,93.179054
830,113.02994
831,93.179054
834,112.0005
839,93.83903
841,77.410965
844,103.09067
845,93.83903
848,93.179054
850,93.83903
851,103.09067
852,93.83903
854,93.83903
855,93.83903
856,103.09067
859,103.09067
861,112.0005
864,93.83903
865,112.0005
866,93.179054
867,93.179054
869,93.83903
871,93.179054
872,112.0005
882,103.09067
883,93.83903
885,93.83903
888,93.83903
893,112.0005
901,111.20043
903,103.09067
904,93.83903
905,103.09067
910,93.83903
911,112.0005
914,112.0005
918,112.0005
921,93.179054
928,93.83903
929,103.09067
932,93.83903
933,103.09067
934,93.83903
935,112.0005
937,77.410965
939,93.83903
940,103.09067
941,93.83903
942,103.09067
943,93.83903
944,103.09067
947,112.0005
949,112.0005
951,112.0005
952,93.83903
953,103.09067
954,77.410965
957,112.0005
959,93.179054
960,112.0005
963,114.88362
965,112.0005
967,103.09067
971,93.83903
972,77.410965
973,93.83903
974,112.0005
975,93.83903
978,113.02994
980,112.0005
981,93.83903
984,112.0005
986,93.83903
988,93.179054
989,112.0005
990,103.09067
992,111.20043
996,93.83903
999,112.0005
1000,93.83903
1001,112.0005
1002,93.179054
1003,112.0005
1004,93.179054
1008,112.0005
1009,93.83903
1010,103.09067
1012,112.0005
1013,93.179054
1014,112.0005
1015,93.179054
1016,114.88362
1019,93.179054
1020,112.0005
1021,93.83903
1022,103.09067
1024,93.83903
1025,77.410965
1027,93.83903
1028,103.09067
1029,93.83903
1030,93.83903
1033,112.0005
1036,93.179054
1037,112.0005
1038,93.179054
1042,93.83903
1043,103.09067
1044,93.83903
1045,112.0005
1047,113.02994
1050,93.83903
1051,112.0005
1054,93.83903
1056,93.83903
1057,93.83903
1059,93.83903
1062,93.83903
1063,103.09067
1064,93.83903
1066,93.83903
1070,103.09067
1076,112.0005
1077,93.179054
1078,112.0005
1080,112.0005
1082,113.02994
1083,93.83903
1089,113.02994
1091,93.83903
1093,93.83903
1097,93.83903
1099,93.179054
1101,93.83903
1103,93.83903
1104,112.0005
1106,112.0005
1109,93.179054
1110,112.0005
1111,93.83903
1112,114.88362
1114,93.83903
1116,93.179054
1117,112.0005
1120,93.179054
1124,112.0005
1125,93.179054
1126,112.0005
1134,112.0005
1137,93.179054
1138,112.0005
1144,112.0005
1145,93.83903
1146,93.179054
1148,93.83903
1150,93.179054
1152,103.09067
1153,93.83903
1154,103.09067
1155,93.83903
1157,93.179054
1162,93.83903
1165,112.0005
1166,93.83903
1167,103.09067
1168,93.83903
1169,103.09067
1171,114.88362
1172,93.83903
1173,103.09067
1174,93.83903
1176,93.83903
1177,103.09067
1178,93.83903
1182,112.0005
1186,93.83903
1187,112.0005
1188,93.179054
1189,114.88362
1191,103.09067
1192,93.83903
1197,112.0005
1198,93.179054
1200,77.410965
1201,93.83903
1203,93.83903
1209,114.88362
1214,103.09067
1218,111.20043
1222,93.179054
1226,93.83903
1228,93.83903
1230,93.179054
1232,77.410965
1233,93.179054
1236,113.02994
1238,93.83903
1241,112.0005
1244,103.09067
1246,93.179054
1247,112.0005
1250,112.0005
1251,93.179054
1254,112.0005
1255,93.83903
1256,111.20043
1257,93.179054
1258,93.179054
1259,112.0005
1260,93.83903
1263,112.0005
1267,77.410965
1268,112.0005
1271,93.83903
1272,112.0005
1274,103.09067
1275,93.83903
1276,112.0005
1277,93.179054
1279,93.179054
1281,93.83903
1282,93.179054
1283,112.0005
1285,112.0005
1286,93.179054
1289,112.0005
1296,112.0005
1299,93.179054
1301,93.83903
1306,93.179054
1307,93.83903
1308,93.179054
1313,112.0005
1314,93.83903
1315,112.0005
1316,93.179054
1317,112.0005
1319,93.179054
1323,93.83903
1324,103.09067
1325,93.83903
1328,103.09067
1329,93.83903
1330,112.0005
1331,93.83903
1332,103.09067
1337,93.83903
1338,112.0005
1339,93.179054
1340,112.0005
1343,112.0005
1347,103.09067
1348,93.83903
1349,103.09067
1352,93.179054
1354,93.83903
1359,112.0005
1360,93.83903
1363,112.0005
1364,93.83903
1365,103.09067
1366,93.83903
1372,93.83903
1375,103.09067
1376,93.83903
1378,93.179054
1379,112.0005
1380,93.83903
1381,103.09067
1384,113.02994
1387,93.179054
1388,112.0005
1392,77.410965
1394,103.09067
1395,93.83903
1396,112.0005
1398,93.83903
1399,112.0005
1400,93.179054
1401,93.179054
1403,93.83903
1404,113.02994
1406,112.0005
1407,93.83903
1408,112.0005
1410,77.410965
1412,112.0005
1413,93.83903
1415,93.83903
1420,112.0005
1422,111.20043
1423,109.39077
1424,112.0005
1425,93.83903
1426,77.410965
1427,93.83903
1429,93.179054
1430,112.0005
1431,93.83903
1432,103.09067
1434,112.0005
1437,93.83903
1438,103.09067
1440,112.0005
1441,112.0005
1442,93.83903
1444,112.0005
1445,93.83903
1446,103.09067
1448,93.179054
1453,93.179054
1454,112.0005
1455,93.83903
1456,113.02994
1458,112.0005
1459,93.179054
1461,93.83903
1465,93.179054
1466,112.0005
1469,93.83903
1472,93.179054
1474,93.83903
1477,112.0005
1479,112.0005
1482,93.179054
1483,77.410965
1487,93.83903
1488,112.0005
1490,112.0005
1492,113.02994
1494,114.88362
1496,103.09067
1497,93.83903
1499,93.83903
1502,93.83903
1507,113.02994
1508,93.179054
1509,112.0005
1511,93.179054
1512,112.0005
1513,114.88362
1514,103.09067
1518,112.0005
1519,93.179054
1522,112.0005
1524,77.410965
1527,93.83903
1529,93.179054
1532,103.09067
1536,112.0005
1537,114.88362
1539,103.09067
1542,112.0005
1543,93.83903
1544,103.09067
1545,77.410965
1550,93.83903
1551,112.0005
1554,103.09067
1556,103.09067
1559,93.179054
1560,77.410965
1562,93.83903
1566,93.179054
1567,112.0005
1569,103.09067
1570,114.88362
1571,112.0005
1574,93.179054
1578,103.09067
1580,93.179054
1583,112.0005
1584,93.179054
1585,112.0005
1586,93.179054
1587,112.0005
1588,93.179054
1590,114.88362
1592,103.09067
1596,113.02994
1598,112.0005
1599,93.83903
1604,113.02994
1606,103.09067
1607,93.83903
1608,103.09067
1609,114.88362
1611,93.83903
1613,93.83903
1616,93.83903
1619,112.0005
1620,93.179054
1621,112.0005
1622,93.83903
1625,111.20043
1627,114.88362
1629,112.0005
1634,93.83903
1636,93.83903
1638,103.09067
1639,93.83903
1641,93.83903
1643,93.83903
1644,103.09067
1645,114.88362
1646,93.83903
1647,103.09067
1648,93.83903
1652,93.179054
1653,112.0005
1656,93.179054
1658,93.83903
1659,112.0005
1661,93.83903
1663,93.83903
1664,112.0005
1665,93.83903
1666,103.09067
1667,103.09067
1668,77.410965
1669,103.09067
1670,93.83903
1672,112.0005
1674,112.0005
1677,112.0005
1678,93.179054
1679,112.0005
1680,93.179054
1683,103.09067
1686,103.09067
1687,111.20043
1689,112.0005
1690,93.179054
1691,114.88362
1692,112.0005
1693,93.179054
1695,93.83903
1696,93.179054
1697,112.0005
1700,103.09067
1701,93.83903
1702,112.0005
1703,93.179054
1704,112.0005
1706,93.83903
1707,112.0005
1708,93.83903
1710,93.83903
1711,103.09067
1713,103.09067
1717,103.09067
1719,103.09067
1720,93.83903
1722,93.83903
1725,103.09067
1726,93.83903
1727,103.09067
1729,112.0005
1730,93.179054
1731,112.0005
1733,103.09067
1734,93.83903
1735,111.20043
1738,93.83903
1742,93.83903
1745,112.0005
1747,93.83903
1749,93.83903
1751,93.83903
1752,77.410965
1753,103.09067
1754,93.83903
1755,93.83903
1756,103.09067
1758,112.0005
1759,93.83903
1760,103.09067
1761,112.0005
1762,93.179054
1763,112.0005
1764,89.642784
1766,93.83903
1768,93.83903
1769,77.410965
1771,112.0005
1772,93.83903
1773,103.09067
1774,93.83903
1775,112.0005
1777,112.0005
1779,93.83903
1780,103.09067
1787,93.179054
1788,93.83903
1790,93.83903
1796,112.0005
1801,93.179054
1803,93.83903
1807,112.0005
1809,112.0005
1812,93.83903
1813,112.0005
1814,93.179054
1815,112.0005
1816,93.179054
1818,93.179054
1820,93.179054
1821,113.02994
1822,93.83903
1825,93.83903
1826,103.09067
1828,93.83903
1831,103.09067
1836,113.02994
1837,93.83903
1841,93.83903
1844,103.09067
1848,93.83903
1851,103.09067
1852,93.83903
1853,93.179054
1854,112.0005
1856,93.83903
1859,112.0005
1860,93.83903
1861,77.410965
1863,103.09067
1865,93.83903
1866,103.09067
1867,93.83903
1868,93.179054
1872,93.83903
1879,93.83903
1880,103.09067
1882,93.83903
1885,103.09067
1887,103.09067
1888,93.83903
1890,112.0005
1894,93.83903
1895,103.09067
1896,93.83903
1897,112.0005
1900,112.0005
1901,93.179054
1902,112.0005
1905,93.179054
1906,112.0005
1912,103.09067
1915,93.83903
1916,103.09067
1917,93.83903
1918,103.09067
1920,77.410965
1923,93.83903
1924,103.09067
1925,93.83903
1930,114.88362
1932,112.0005
1933,93.83903
1934,112.0005
1935,93.179054
1940,77.410965
1941,93.83903
1942,112.0005
1943,93.179054
1944,93.179054
1945,113.02994
1948,114.88362
1949,93.179054
1952,93.83903
1954,93.179054
1955,112.0005
1958,93.179054
1959,77.410965
1960,112.0005
1963,93.83903
1965,93.83903
1968,103.09067
1969,93.83903
1971,93.83903
1972,112.0005
1973,93.179054
1975,93.179054
1977,93.83903
1978,93.179054
1979,112.0005
1981,93.179054
1982,112.0005
1987,112.0005
1988,93.179054
1993,93.83903
1997,93.83903
1999,93.83903
2001,93.83903
2002,113.02994
2003,93.179054
2004,77.410965
2006,112.0005
2007,93.83903
2009,103.09067
2010,93.83903
2013,93.83903
2018,77.410965
2022,103.09067
2024,112.0005
2025,93.83903
2026,103.09067
2030,103.09067
2031,93.83903
2032,103.09067
2033,93.83903
2035,93.179054
2036,112.0005
2037,93.179054
2040,93.83903
2043,112.0005
2044,103.09067
2046,103.09067
2054,112.0005
2055,93.83903
2056,103.09067
2059,93.179054
2060,93.179054
2062,93.179054
2063,112.0005
2066,93.83903
2067,111.20043
2072,93.179054
2073,112.0005
2074,93.179054
2075,112.0005
2076,93.83903
2080,93.179054
2082,93.179054
2085,112.0005
2087,112.0005
2091,112.0005
2092,93.83903
2093,103.09067
2098,93.83903
2101,112.0005
2102,93.179054
2103,77.410965
2105,103.09067
2106,93.83903
2107,112.0005
2110,93.83903
2114,93.179054
2115,112.0005
2117,77.410965
2118,93.83903
2119,103.09067
2120,93.83903
2122,93.179054
2123,112.0005
2126,93.83903
2127,103.09067
2128,93.83903
2129,112.0005
2132,93.83903
2135,103.09067
2138,93.83903
2139,114.88362
2141,113.02994
2142,93.83903
2146,93.83903
2151,112.0005
2157,103.09067
2159,112.0005
2162,93.83903
2164,114.88362
2167,93.179054
2168,112.0005
2171,93.179054
2173,93.83903
2174,103.09067
2175,93.83903
2178,93.83903
2180,93.83903
2185,112.0005
2189,93.179054
2190,111.20043
2192,103.09067
2194,113.02994
2200,113.02994
2201,93.179054
2203,112.0005
2204,93.179054
2205,112.0005
2209,113.02994
2213,103.09067
2214,93.83903
2215,112.0005
2216,93.179054
2218,93.83903
2219,103.09067
2220,93.83903
2222,93.179054
2223,112.0005
2225,112.0005
2226,93.179054
2230,93.83903
2233,111.20043
2234,112.0005
2235,93.179054
2236,77.410965
2237,93.83903
2240,113.02994
2241,93.179054
2248,103.09067
2249,93.83903
2250,112.0005
2252,112.0005
2253,93.179054
2254,112.0005
2256,77.410965
2258,93.179054
2259,112.0005
2262,93.83903
2265,93.83903
2266,103.09067
2269,93.83903
2271,93.83903
2273,93.179054
2274,112.0005
2275,93.179054
2277,93.83903
2279,93.179054
2280,77.410965
2282,93.83903
2283,103.09067
2288,93.179054
2289,113.02994
2291,93.83903
2292,114.88362
2297,93.83903
2298,103.09067
2299,93.83903
2300,112.0005
2301,93.179054
2304,93.83903
2305,103.09067
2306,93.83903
2308,93.83903
2309,112.0005
2311,93.83903
2312,103.09067
2316,103.09067
2321,103.09067
2322,112.0005
2325,103.09067
2326,93.83903
2329,114.88362
2330,93.83903
2331,103.09067
2332,111.20043
2333,93.83903
2334,103.09067
2335,111.20043
2337,112.0005
2338,93.179054
2340,111.20043
2342,93.179054
2345,93.179054
2349,93.179054
2351,77.410965
2352,93.83903
2354,112.0005
2355,112.0005
2357,112.0005
2358,93.179054
2360,93.83903
2361,112.0005
2364,93.83903
2366,93.83903
2369,103.09067
2370,93.83903
2371,111.20043
2373,113.02994
2374,93.83903
2376,112.0005
2378,113.02994
2382,93.83903
2383,93.179054
2386,103.09067
2387,93.83903
2389,93.179054
2390,113.02994
2392,93.179054
2398,111.20043
2399,93.83903
2400,93.179054
2401,112.0005
2402,93.83903
2404,93.179054
2407,113.02994
2408,112.0005
2409,112.0005
2412,77.410965
2413,93.83903
2415,93.83903
2420,113.02994
2422,93.83903
2423,103.09067
2426,93.83903
2432,93.83903
2434,93.179054
2435,93.179054
2436,112.0005
2438,113.02994
2440,112.0005
2443,93.83903
2444,93.179054
2447,103.09067
2450,93.83903
2454,93.179054
2455,112.0005
2459,93.83903
2460,112.0005
2463,93.83903
2465,93.179054
2468,77.410965
2469,93.179054
2474,93.179054
2478,93.83903
2480,93.179054
2481,113.02994
2489,93.83903
2490,103.09067
2492,93.179054
2496,93.83903
2497,112.0005
2500,93.83903
2505,93.83903
2507,93.179054
2508,112.0005
2509,93.83903
2510,77.410965
2513,93.179054
2515,93.83903
2518,93.179054
2519,113.02994
2520,93.179054
2521,112.0005
2523,112.0005
2525,93.83903
2529,112.0005
2530,93.179054
2533,113.02994
2535,93.179054
2538,103.09067
2544,113.02994
2553,112.0005
2556,93.83903
2558,93.179054
2559,113.02994
2560,93.83903
2561,112.0005
2562,93.179054
2563,112.0005
2564,93.179054
2565,111.20043
2567,103.09067
2572,93.83903
2575,93.83903
2576,112.0005
2577,93.179054
2578,93.83903
2579,112.0005
2580,93.179054
2582,112.0005
2583,93.179054
2587,93.83903
2589,112.0005
2590,93.83903
2591,112.0005
2594,93.179054
2597,93.83903
2598,103.09067
2599,93.83903
2600,103.09067
2602,113.02994
2603,93.83903
2604,103.09067
2606,112.0005
2607,77.410965
2608,93.179054
2613,112.0005
2614,93.179054
2615,112.0005
2617,112.0005
2620,93.179054
2623,112.0005
2624,93.179054
2627,112.0005
2629,77.410965
2630,93.179054
2632,93.83903
2636,93.179054
2639,93.83903
2640,103.09067
2642,112.0005
2644,103.09067
2646,112.0005
2647,93.179054
2649,93.83903
2650,103.09067
2652,103.09067
2653,103.09067
2655,103.09067
2657,111.20043
2659,112.0005
2662,93.179054
2663,113.02994
2664,93.83903
2665,103.09067
2670,93.83903
2671,103.09067
2672,93.83903
2675,103.09067
2677,112.0005
2679,112.0005
2683,112.0005
2684,93.179054
2685,93.83903
2688,103.09067
2689,93.83903
2690,103.09067
2693,93.83903
2694,112.0005
2697,101.35958
2699,93.83903
2703,93.179054
2705,103.09067
2709,77.410965
2710,93.83903
2711,112.0005
2712,93.83903
2713,93.83903
2714,112.0005
2715,93.179054
2717,93.179054
2718,113.02994
2720,112.0005
2721,93.83903
2726,93.83903
2728,93.83903
2731,103.09067
2732,112.0005
2734,93.179054
2736,103.09067
2737,93.83903
2738,103.09067
2739,112.0005
2746,93.83903
2749,103.09067
2751,114.88362
2752,103.09067
2753,93.83903
2757,103.09067
2758,93.83903
2759,112.0005
2760,93.83903
2762,112.0005
2764,93.83903
2765,113.02994
2769,112.0005
2771,112.0005
2774,93.179054
2776,93.179054
2777,113.02994
2778,93.179054
2779,112.0005
2782,93.179054
2784,93.179054
2787,93.179054
2789,93.83903
2792,93.83903
2798,93.83903
2799,103.09067
2800,93.83903
2801,77.410965
2802,93.179054
2804,93.83903
2807,103.09067
2808,93.83903
2809,113.02994
2811,114.88362
2812,93.83903
2814,93.179054
2816,93.83903
2817,112.0005
2818,112.0005
2820,112.0005
2821,77.410965
2822,93.83903
2823,103.09067
2824,93.83903
2826,93.179054
2829,93.179054
2834,93.83903
2835,77.410965
2838,93.83903
2839,112.0005
2840,93.179054
2841,112.0005
2842,93.83903
2846,114.88362
2848,93.83903
2849,93.179054
2850,112.0005
2851,93.83903
2853,93.179054
2854,112.0005
2858,112.0005
2861,93.83903
2864,93.179054
2865,113.02994
2866,112.0005
2867,93.179054
2868,112.0005
2870,112.0005
2877,93.83903
2878,112.0005
2880,112.0005
2882,77.410965
2883,93.83903
2884,103.09067
2885,93.83903
2887,93.83903
2888,112.0005
2889,93.83903
2890,103.09067
2891,93.83903
2892,114.88362
2893,93.179054
2898,112.0005
2899,93.83903
2900,112.0005
2901,93.179054
2909,93.83903
2910,112.0005
2911,112.0005
2913,112.0005
2914,93.83903
2918,93.179054
2919,112.0005
2920,93.179054
2921,112.0005
2922,93.83903
2923,103.09067
2925,113.02994
2926,93.179054
2927,112.0005
2929,112.0005
2933,93.179054
2934,112.0005
2936,113.02994
2941,103.09067
2942,93.83903
2943,112.0005
2945,103.09067
2950,93.179054
2951,112.0005
2953,113.02994
2954,93.83903
2955,103.09067
2956,93.83903
2960,93.83903
2962,93.83903
2963,103.09067
2964,103.09067
2966,77.410965
2967,93.179054
2968,112.0005
2969,93.179054
2971,93.179054
2972,93.83903
2974,93.83903
2975,112.0005
2977,114.88362
2980,112.0005
2981,93.179054
2983,93.83903
2984,103.09067
2985,114.88362
2986,103.09067
2987,93.83903
2989,93.83903
2990,112.0005
2991,93.83903
2992,77.410965
2995,101.35958
2996,103.09067
3002,112.0005
3004,112.0005
3005,114.88362
3006,93.83903
3010,93.83903
3011,103.09067
3014,93.179054
3015,93.179054
3016,93.83903
3017,113.02994
3018,93.179054
3021,103.09067
3024,103.09067
3028,93.83903
3030,93.179054
3032,93.83903
3039,93.83903
3040,103.09067
3041,93.83903
3043,93.179054
3044,112.0005
3046,112.0005
3055,93.179054
3056,112.0005
3058,93.179054
3059,113.02994
3061,114.88362
3063,103.09067
3066,93.83903
3067,103.09067
3068,77.410965
3069,93.83903
3072,114.88362
3073,112.0005
3074,93.83903
3077,93.179054
3082,93.179054
3084,101.35958
3085,112.0005
3088,103.09067
3091,93.179054
3092,112.0005
3093,93.83903
3094,103.09067
3096,112.0005
3097,93.179054
3098,77.410965
3102,114.88362
3106,93.179054
3109,93.179054
3111,93.179054
3112,114.88362
3113,93.83903
3115,93.179054
3116,112.0005
3117,93.179054
3121,112.0005
3122,93.179054
3123,93.83903
3124,103.09067
3125,93.83903
3126,103.09067
3127,114.88362
3129,93.179054
3130,112.0005
3132,103.09067
3134,103.09067
3135,93.83903
3137,77.410965
3138,93.83903
3140,93.83903
3144,112.0005
3145,93.83903
3146,112.0005
3147,93.83903
3148,103.09067
3149,103.09067
3150,112.0005
3151,93.179054
3152,93.83903
3155,93.179054
3156,112.0005
3159,93.179054
3161,93.83903
3162,103.09067
3163,93.83903
3165,103.09067
3172,93.179054
3173,112.0005
3176,93.83903
3177,103.09067
3179,112.0005
3183,93.179054
3186,93.83903
3187,103.09067
3189,112.0005
3190,93.179054
3192,114.88362
3193,93.179054
3194,112.0005
3197,93.83903
3198,93.83903
3200,93.179054
3201,114.88362
3202,93.83903
3204,93.83903
3205,93.179054
3206,112.0005
3208,103.09067
3210,103.09067
3211,93.83903
3212,114.88362
3213,93.83903
3214,112.0005
3216,103.09067
3219,93.179054
3220,113.02994
3221,93.83903
3226,103.09067
3227,93.83903
3228,112.0005
3229,93.179054
3232,77.410965
3233,93.83903
3234,93.83903
3236,93.83903
3238,112.0005
3239,112.0005
3240,93.179054
3247,112.0005
3249,103.09067
3252,112.0005
3253,93.83903
3254,103.09067
3255,93.83903
3256,112.0005
3257,93.179054
3262,93.83903
3263,103.09067
3264,93.83903
3266,112.0005
3267,93.83903
3269,93.83903
3272,114.88362
3274,93.83903
3275,103.09067
3277,93.83903
3279,93.83903
3280,103.09067
3283,93.83903
3285,93.83903
3287,93.83903
3288,103.09067
3290,103.09067
3291,93.83903
3298,112.0005
3299,93.83903
3302,113.02994
3303,93.83903
3304,103.09067
3307,93.83903
3309,93.179054
3314,77.410965
3316,112.0005
3317,93.83903
3319,93.179054
3320,112.0005
3321,93.83903
3322,103.09067
3324,93.179054
3326,93.179054
3329,112.0005
3330,93.179054
3331,112.0005
3335,114.88362
3337,93.83903
3338,103.09067
3339,93.83903
3340,112.0005
3341,93.179054
3343,93.179054
3346,93.179054
3348,93.83903
3351,103.09067
3352,114.88362
3355,93.179054
3356,112.0005
3358,103.09067
3359,93.83903
3360,112.0005
3371,112.0005
3372,93.83903
3374,93.83903
3377,112.0005
3378,93.179054
3380,103.09067
3382,93.83903
3386,93.83903
3389,112.0005
3391,103.09067
3393,93.83903
3394,103.09067
3395,93.83903
3397,112.0005
3398,93.83903
3399,77.410965
3400,93.83903
3404,103.09067
3407,112.0005
3409,103.09067
3419,93.83903
3421,93.179054
3425,93.83903
3427,77.410965
3428,114.88362
3429,112.0005
3431,93.179054
3435,93.83903
3436,112.0005
3439,93.179054
3441,93.179054
3442,114.88362
3443,93.83903
3444,103.09067
3445,93.83903
3446,113.02994
3449,93.179054
3453,93.83903
3457,93.83903
3460,103.09067
3461,93.83903
3462,93.179054
3464,103.09067
3465,77.410965
3466,93.83903
3467,103.09067
3468,93.83903
3469,103.09067
3470,103.09067
3472,112.0005
3473,93.179054
3475,93.179054
3476,112.0005
3478,103.09067
3479,93.83903
3483,93.83903
3484,103.09067
3485,93.83903
3487,93.179054
3488,112.0005
3496,112.0005
3497,93.83903
3499,93.83903
3500,77.410965
3501,93.83903
3504,93.83903
3508,103.09067
3511,93.179054
3512,114.88362
3515,93.179054
3517,93.83903
3518,103.09067
3526,112.0005
3528,113.02994
3529,93.179054
3530,112.0005
3531,93.179054
3532,113.02994
3533,93.179054
3534,93.83903
3535,77.410965
3536,93.179054
3537,112.0005
3538,93.83903
3539,112.0005
3540,103.09067
3545,112.0005
3546,93.179054
3550,103.09067
3551,93.83903
3553,93.83903
3554,103.09067
3557,93.83903
3558,112.0005
3559,93.179054
3561,93.83903
3562,112.0005
3563,93.83903
3564,103.09067
3565,93.83903
3567,93.179054
3571,103.09067
3572,93.83903
3574,93.83903
3576,93.83903
3577,112.0005
3578,93.83903
3579,93.83903
3583,93.83903
3585,93.83903
3586,103.09067
3587,112.0005
3593,93.179054
3594,113.02994
3595,93.83903
3599,93.83903
3600,103.09067
3601,112.0005
3602,93.179054
3604,93.83903
3609,114.88362
3610,112.0005
3612,112.0005
3614,112.0005
3615,93.83903
3617,93.83903
3618,112.0005
3619,112.0005
3620,112.0005
3621,93.83903
3625,93.83903
3626,103.09067
3630,103.09067
3631,93.83903
3632,103.09067
3633,93.83903
3634,112.0005
3637,93.83903
3639,93.179054
3640,112.0005
3641,93.179054
3644,112.0005
3645,93.83903
3646,93.179054
3647,93.179054
3648,112.0005
3653,112.0005
3654,93.179054
3655,112.0005
3659,103.09067
3660,93.83903
3662,112.0005
3666,93.179054
3668,93.83903
3671,93.179054
3673,93.179054
3674,112.0005
3675,93.179054
3681,93.179054
3682,112.0005
3686,112.0005
3687,93.179054
3692,77.410965
3695,112.0005
3696,93.83903
3699,112.0005
3705,114.88362
3707,77.410965
3708,93.83903
3709,112.0005
3710,93.83903
3712,93.83903
3715,112.0005
3716,93.83903
3720,112.0005
3722,77.410965
3726,93.83903
3728,93.179054
3729,112.0005
3731,103.09067
3735,112.0005
3736,93.179054
3739,103.09067
3741,112.0005
3743,103.09067
3744,93.83903
3745,112.0005
3746,93.83903
3751,93.179054
3753,93.83903
3760,112.0005
3761,93.179054
3762,112.0005
3763,93.179054
3765,93.179054
3768,112.0005
3769,93.83903
3770,103.09067
3773,112.0005
3774,93.83903
3776,93.83903
3778,93.179054
3779,112.0005
3780,93.83903
3781,112.0005
3782,93.179054
3783,112.0005
3784,93.83903
3786,93.83903
3789,112.0005
3790,93.83903
3793,112.0005
3795,112.0005
3797,93.83903
3798,114.88362
3800,112.0005
3804,93.83903
3810,93.83903
3815,112.0005
3816,93.83903
3818,103.09067
3824,112.0005
3828,103.09067
3830,112.0005
3831,93.83903
3832,77.410965
3834,112.0005
3835,93.179054
3836,112.0005
3838,93.83903
3839,114.88362
3840,112.0005
3845,93.179054
3846,112.0005
3847,93.83903
3849,77.410965
3853,112.0005
3855,103.09067
3856,93.83903
3864,77.410965
3865,93.83903
3866,112.0005
3867,93.179054
3868,112.0005
3869,93.83903
3871,93.179054
3875,103.09067
3876,93.179054
3878,93.83903
3879,112.0005
3881,112.0005
3883,112.0005
3884,93.179054
3886,112.0005
3890,93.83903
3893,112.0005
3897,103.09067
3901,93.179054
3902,112.0005
3913,112.0005
3914,93.179054
3916,93.179054
3917,112.0005
3924,103.09067
3925,93.83903
3928,93.83903
3929,112.0005
3932,93.83903
3933,103.09067
3934,77.410965
3935,93.179054
3936,93.83903
3937,112.0005
3938,93.179054
3939,112.0005
3943,93.179054
3944,112.0005
3945,112.0005
3946,93.83903
3947,112.0005
3948,93.179054
3949,112.0005
3950,93.83903
3951,112.0005
3952,93.179054
3953,112.0005
3961,113.02994
3962,93.179054
3966,93.83903
3967,103.09067
3968,93.83903
3969,112.0005
3970,93.83903
3971,103.09067
3973,93.83903
3974,112.0005
3975,112.0005
3977,93.179054
3979,112.0005
3985,93.83903
3986,103.09067
3988,112.0005
3991,93.83903
3992,103.09067
3993,93.83903
3994,93.179054
3995,112.0005
4005,112.0005
4007,93.83903
4008,103.09067
4009,93.83903
4010,112.0005
4011,77.410965
4012,93.83903
4013,103.09067
4015,112.0005
4016,112.0005
4018,112.0005
4025,93.83903
4026,112.0005
4028,112.0005
4029,93.83903
4031,93.179054
4032,112.0005
4033,93.83903
4034,103.09067
4037,93.83903
4038,103.09067
4039,93.83903
4041,93.83903
4042,112.0005
4043,93.83903
4044,103.09067
4045,93.83903
4046,112.0005
4047,93.83903
4048,103.09067
4049,93.83903
4051,93.179054
4052,112.0005
4058,103.09067
4062,112.0005
4064,112.0005
4067,93.83903
4068,77.410965
4070,93.179054
4072,114.88362
4074,112.0005
4075,93.83903
4076,112.0005
4077,93.179054
4078,112.0005
4080,103.09067
4082,112.0005
4085,93.83903
4086,112.0005
4088,112.0005
4089,93.83903
4092,77.410965
4094,93.179054
4095,112.0005
4096,93.83903
4097,103.09067
4102,93.179054
4105,113.02994
4107,112.0005
4111,93.83903
4112,103.09067
4113,93.83903
4114,113.02994
4115,93.179054
4116,112.0005
4117,93.83903
4118,93.83903
4119,112.0005
4120,93.179054
4122,77.410965
4125,93.179054
4126,112.0005
4129,112.0005
4134,112.0005
4137,93.179054
4141,103.09067
4142,93.83903
4144,93.83903
4145,103.09067
4146,93.83903
4150,93.83903
4151,77.410965
4154,93.83903
4156,93.179054
4157,112.0005
4159,112.0005
4160,93.179054
4161,112.0005
4168,93.83903
4171,103.09067
4172,103.09067
4173,93.83903
4175,93.83903
4176,103.09067
4177,93.83903
4178,103.09067
4179,93.83903
4181,112.0005
4183,93.83903
4184,112.0005
4185,93.179054
4186,112.0005
4188,112.0005
4190,112.0005
4192,93.179054
4193,112.0005
4194,112.0005
4195,93.83903
4196,77.410965
4202,93.83903
4203,103.09067
4208,93.83903
4209,112.0005
4210,93.179054
4211,112.0005
4212,114.88362
4214,103.09067
4215,93.83903
4216,112.0005
4217,93.179054
4219,93.83903
4222,112.0005
4224,77.410965
4231,103.09067
4232,93.83903
4234,93.179054
4236,93.83903
4237,103.09067
4240,93.83903
4242,103.09067
4243,93.83903
4247,93.179054
4248,112.0005
4249,93.179054
4254,103.09067
4263,93.83903
4265,112.0005
4267,113.02994
4268,112.0005
4271,112.0005
4272,93.83903
4273,112.0005
4274,93.179054
4276,93.83903
4278,93.83903
4280,93.83903
4281,112.0005
4283,93.179054
4284,112.0005
4285,93.83903
4286,112.0005
4287,93.179054
4288,112.0005
4289,93.179054
4290,77.410965
4293,93.179054
4296,113.02994
4297,93.179054
4299,93.179054
4303,114.88362
4310,93.83903
4312,103.09067
4318,103.09067
4320,112.0005
4322,93.179054
4323,112.0005
4325,103.09067
4326,112.0005
4328,103.09067
4330,103.09067
4332,112.0005
4333,93.83903
4335,93.83903
4336,113.02994
4338,103.09067
4341,93.83903
4342,103.09067
4344,103.09067
4347,93.83903
4348,103.09067
4351,103.09067
4352,93.83903
4353,112.0005
4355,103.09067
4356,93.83903
4359,103.09067
4360,93.83903
4361,93.83903
4364,93.83903
4365,103.09067
4368,93.83903
4372,93.83903
4374,93.179054
4376,93.83903
4377,103.09067
4380,93.83903
4383,103.09067
4384,93.83903
4385,103.09067
4389,93.179054
4391,93.83903
4392,112.0005
4393,93.179054
4395,93.179054
4396,112.0005
4398,112.0005
4399,93.179054
4401,93.179054
4406,93.83903
4408,103.09067
4412,103.09067
4415,93.83903
4418,112.0005
4419,93.179054
4420,77.410965
4422,112.0005
4423,93.179054
4425,93.83903
4428,112.0005
4431,112.0005
4434,93.179054
4436,93.83903
4437,112.0005
4439,114.88362
4440,93.179054
4441,112.0005
4444,93.83903
4445,103.09067
4446,93.83903
4447,112.0005
4452,103.09067
4456,112.0005
4457,93.83903
4458,112.0005
4460,93.83903
4461,114.88362
4462,93.179054
4465,103.09067
4466,103.09067
4468,93.83903
4469,103.09067
4472,112.0005
4475,93.83903
4478,93.179054
4479,112.0005
4480,93.83903
4483,77.410965
4484,93.83903
4485,103.09067
4486,93.83903
4488,93.83903
4489,103.09067
4490,93.83903
4491,109.39077
4492,93.83903
4493,103.09067
4494,93.83903
4495,103.09067
4498,77.410965
4499,93.83903
4500,103.09067
4503,112.0005
4505,103.09067
4506,93.83903
4507,93.83903
4508,103.09067
4510,112.0005
4511,93.179054
4513,93.83903
4516,77.410965
4519,93.179054
4521,93.83903
4531,93.179054
4532,77.410965
4533,93.83903
4534,112.0005
4536,103.09067
4537,93.83903
4539,93.83903
4542,103.09067
4545,93.179054
4549,93.179054
4551,93.83903
4554,103.09067
4556,112.0005
4559,112.0005
4561,112.0005
4562,112.0005
4566,114.88362
4569,93.83903
4570,112.0005
4573,93.83903
4574,103.09067
4575,93.83903
4577,93.83903
4578,112.0005
4580,112.0005
4582,93.179054
4583,112.0005
4585,93.83903
4587,103.09067
4595,93.179054
4596,112.0005
4601,93.179054
4602,112.0005
4603,93.83903
4605,112.0005
4606,93.179054
4607,112.0005
4608,93.83903
4610,93.83903
4613,103.09067
4617,93.179054
4618,112.0005
4619,93.179054
4620,93.83903
4622,93.179054
4625,93.83903
4626,103.09067
4627,93.83903
4629,93.179054
4631,93.179054
4633,103.09067
4634,112.0005
4635,93.83903
4639,93.83903
4640,103.09067
4642,103.09067
4644,112.0005
4646,103.09067
4647,93.83903
4648,77.410965
4649,93.83903
4650,112.0005
4655,93.179054
4660,93.83903
4661,112.0005
4662,93.179054
4663,112.0005
4665,93.179054
4666,112.0005
4667,103.09067
4668,93.83903
4670,93.179054
4671,113.02994
4672,93.83903
4673,103.09067
4675,103.09067
4676,93.83903
4677,113.02994
4680,93.83903
4682,93.83903
4683,112.0005
4685,103.09067
4686,93.83903
4688,112.0005
4690,112.0005
4692,112.0005
4693,93.179054
4697,93.179054
4700,112.0005
4702,112.0005
4707,114.88362
4708,93.83903
4710,77.410965
4716,93.83903
4717,93.83903
4718,93.83903
4720,93.83903
4721,77.410965
4723,93.179054
4726,112.0005
4727,93.179054
4729,93.83903
4731,93.179054
4732,112.0005
4735,93.83903
4736,103.09067
4737,93.83903
4738,112.0005
4739,112.0005
4744,103.09067
4747,93.83903
4749,112.0005
4750,93.83903
4752,112.0005
4755,93.83903
4756,103.09067
4757,112.0005
4758,93.83903
4759,103.09067
4763,93.83903
4764,103.09067
4765,93.83903
4766,93.179054
4767,112.0005
4769,112.0005
4770,93.179054
4771,77.410965
4772,103.09067
4774,112.0005
4776,112.0005
4777,112.0005
4778,93.83903
4780,93.179054
4784,93.179054
4786,93.83903
4787,77.410965
4788,93.83903
4789,112.0005
4791,103.09067
4792,93.83903
4795,112.0005
4796,93.179054
4803,93.179054
4805,93.83903
4807,93.83903
4809,93.179054
4816,93.83903
4817,77.410965
4818,93.179054
4820,93.83903
4821,103.09067
4823,112.0005
4824,93.179054
4825,112.0005
4829,103.09067
4830,93.83903
4831,112.0005
4833,103.09067
4836,93.179054
4837,112.0005
4838,93.179054
4840,93.179054
4841,77.410965
4842,93.179054
4843,112.0005
4844,93.179054
4849,103.09067
4851,103.09067
4852,93.83903
4858,93.179054
4860,93.83903
4863,112.0005
4864,93.179054
4865,112.0005
4867,112.0005
4868,93.179054
4869,112.0005
4873,93.179054
4875,93.83903
4876,112.0005
4877,93.179054
4878,112.0005
4880,77.410965
4886,112.0005
4888,103.09067
4889,93.83903
4890,112.0005
4893,93.83903
4895,93.83903
4896,103.09067
4899,93.179054
4901,93.83903
4902,112.0005
4903,93.179054
4904,112.0005
4910,93.179054
4912,93.179054
4915,93.83903
4916,103.09067
4917,93.83903
4920,103.09067
4927,103.09067
4928,93.83903
4931,103.09067
4934,93.179054
4936,93.83903
4939,114.88362
4942,112.0005
4943,93.83903
4944,103.09067
4945,93.83903
4947,112.0005
4948,93.179054
4951,93.83903
4952,112.0005
4953,93.179054
4956,93.179054
4957,112.0005
4958,93.179054
4960,93.83903
4968,93.83903
4969,103.09067
4971,103.09067
4973,112.0005
4975,112.0005
4976,93.83903
4978,93.179054
4979,112.0005
4982,93.179054
4983,112.0005
4984,93.179054
4985,114.88362
4986,93.179054
4987,113.02994
4988,93.83903
4994,93.83903
4995,93.83903
5002,77.410965
5004,93.83903
5005,103.09067
5006,93.83903
5007,103.09067
5009,112.0005
5011,112.0005
5014,93.83903
5015,103.09067
5018,93.179054
5019,112.0005
5020,93.179054
5021,112.0005
5022,93.83903
5023,93.179054
5025,93.83903
5032,93.179054
5034,93.179054
5036,93.179054
5038,93.179054
5039,114.88362
5046,93.83903
5049,112.0005
5051,93.83903
5052,93.179054
5053,112.0005
5054,93.83903
5055,93.83903
5057,93.83903
5059,93.179054
5062,93.83903
5063,112.0005
5065,112.0005
5069,93.83903
5071,93.83903
5074,112.0005
5075,93.179054
5076,114.88362
5077,77.410965
5079,103.09067
5080,93.83903
5081,112.0005
5083,103.09067
5088,103.09067
5089,93.83903
5093,112.0005
5094,103.09067
5095,93.83903
5099,113.02994
5101,112.0005
5103,103.09067
5104,93.83903
5105,112.0005
5107,93.179054
5108,112.0005
5109,93.83903
5111,93.179054
5112,112.0005
5113,93.83903
5114,112.0005
5115,93.179054
5118,93.83903
5122,93.83903
5123,77.410965
5125,93.83903
5127,103.09067
5128,93.83903
5129,114.88362
5132,93.83903
5134,112.0005
5135,93.83903
5137,112.0005
5142,93.83903
5143,103.09067
5144,93.179054
5148,93.179054
5149,93.83903
5150,103.09067
5154,77.410965
5155,93.179054
5159,93.179054
5164,93.83903
5165,112.0005
5166,93.179054
5167,112.0005
5169,93.179054
5171,93.179054
5172,112.0005
5176,93.179054
5184,112.0005
5185,93.179054
5186,112.0005
5188,103.09067
5189,112.0005
5190,93.179054
5191,112.0005
5193,112.0005
5196,93.83903
5199,77.410965
5200,103.09067
5203,93.179054
5204,112.0005
5205,93.179054
5207,93.83903
5208,109.39077
5212,93.83903
5214,93.83903
5218,93.179054
5220,93.179054
5222,93.179054
5224,93.83903
5225,103.09067
5227,111.20043
5229,103.09067
5232,93.179054
5233,114.88362
5234,103.09067
5237,112.0005
5239,113.02994
5240,93.179054
5241,112.0005
5244,93.179054
5248,112.0005
5251,93.179054
5253,93.83903
5255,93.83903
5256,103.09067
5257,93.83903
5259,93.83903
5260,112.0005
5266,93.83903
5268,93.179054
5275,112.0005
5276,112.0005
5277,93.83903
5279,93.83903
5280,103.09067
5281,93.83903
5283,93.83903
5284,77.410965
5285,93.83903
5286,103.09067
5287,93.83903
5289,93.179054
5290,112.0005
5292,103.09067
5293,93.83903
5294,103.09067
5297,93.179054
5299,103.09067
5302,93.179054
5305,77.410965
5306,93.83903
5308,93.83903
5309,93.179054
5310,112.0005
5312,112.0005
5316,112.0005
5317,93.83903
5319,77.410965
5320,93.83903
5323,93.83903
5329,112.0005
5331,112.0005
5334,112.0005
5336,112.0005
5338,103.09067
5341,93.83903
5345,93.83903
5348,93.179054
5349,112.0005
5355,103.09067
5356,93.83903
5360,103.09067
5362,112.0005
5364,112.0005
5366,103.09067
5367,93.83903
5368,93.83903
5370,93.83903
5371,77.410965
5373,103.09067
5375,112.0005
5376,93.179054
5378,112.0005
5379,93.83903
5383,93.83903
5384,103.09067
5389,112.0005
5391,77.410965
5393,112.0005
5395,112.0005
5397,112.0005
5398,93.83903
5399,112.0005
5401,114.88362
5402,93.179054
5403,112.0005
5404,93.179054
5407,77.410965
5408,93.83903
5413,113.02994
5414,93.83903
5417,93.83903
5418,103.09067
5420,112.0005
5421,93.179054
5424,93.83903
5425,112.0005
5426,93.179054
5429,112.0005
5431,93.83903
5437,103.09067
5440,93.179054
5444,103.09067
5446,103.09067
5447,93.83903
5451,93.83903
5452,111.86665
5455,103.09067
5456,93.83903
5458,93.179054
5459,112.0005
5460,93.83903
5462,93.83903
5463,112.0005
5464,93.179054
5465,112.0005
5466,93.83903
5467,103.09067
5468,93.83903
5469,112.0005
5472,93.83903
5474,93.179054
5475,114.88362
5476,93.83903
5479,103.09067
5480,112.0005
5482,112.0005
5485,93.179054
5486,114.88362
5488,77.410965
5495,103.09067
5496,93.83903
5497,112.0005
5499,112.0005
5503,93.179054
5504,93.83903
5507,93.83903
5509,93.179054
5511,93.179054
5512,112.0005
5516,112.0005
5517,93.83903
5518,103.09067
5521,93.83903
5522,103.09067
5527,93.83903
5528,93.83903
5529,112.0005
5532,93.179054
5533,112.0005
5535,103.09067
5536,93.83903
5540,93.83903
5547,93.83903
5548,112.0005
5550,77.410965
5551,93.83903
5554,112.0005
5555,93.83903
5559,112.0005
5560,93.179054
5561,112.0005
5562,93.179054
5563,112.0005
5565,77.410965
5566,93.83903
5567,103.09067
5568,93.83903
5572,93.83903
5574,93.83903
5576,93.83903
5579,112.0005
5580,77.410965
5581,93.83903
5583,93.179054
5584,112.0005
5586,112.0005
5587,93.179054
5589,103.09067
5591,103.09067
5592,93.83903
5593,112.0005
5594,93.83903
5595,77.410965
5596,112.0005
5597,112.0005
5598,114.88362
5599,93.83903
5602,112.0005
5603,93.83903
5605,93.83903
5607,93.179054
5608,112.0005
5609,93.179054
5610,93.179054
5612,93.83903
5613,112.0005
5614,93.179054
5616,93.83903
5621,93.83903
5623,93.83903
5628,113.02994
5629,93.83903
5631,93.83903
5633,93.83903
5638,103.09067
5639,93.83903
5640,103.09067
5645,93.83903
5646,77.410965
5649,93.179054
5653,112.0005
5655,112.0005
5656,93.83903
5658,93.83903
5662,114.88362
5663,93.179054
5667,93.83903
5670,93.83903
5671,103.09067
5672,93.83903
5673,103.09067
5674,93.83903
5675,103.09067
5676,93.83903
5679,112.0005
5683,112.0005
5687,93.83903
5688,77.410965
5690,93.83903
5691,112.0005
5692,93.179054
5693,113.02994
5694,93.83903
5697,112.0005
5698,93.179054
5699,112.0005
5704,93.83903
5707,112.0005
5709,103.09067
5710,93.83903
5714,93.83903
5718,93.83903
5721,93.83903
5723,93.179054
5724,112.0005
5725,93.83903
5726,112.0005
5729,93.83903
5730,103.09067
5731,93.83903
5733,77.410965
5736,93.83903
5741,103.09067
5745,112.0005
5747,93.83903
5748,103.09067
5750,112.0005
5751,93.83903
5752,93.83903
5754,93.83903
5755,93.179054
5757,93.179054
5758,114.88362
5760,103.09067
5762,103.09067
5766,112.0005
5768,93.83903
5769,114.88362
5770,93.83903
5771,112.0005
5772,93.179054
5773,113.02994
5774,93.83903
5776,93.179054
5777,112.0005
5778,93.179054
5780,114.88362
5782,93.83903
5783,77.410965
5784,93.83903
5786,93.83903
5788,93.83903
5789,112.0005
5790,93.83903
5791,103.09067
5793,103.09067
5794,93.83903
5796,114.88362
5797,93.83903
5801,93.83903
5803,93.83903
5804,112.0005
5805,93.83903
5806,77.410965
5808,112.0005
5813,93.83903
5815,93.83903
5816,103.09067
5822,93.179054
5823,112.0005
5825,103.09067
5827,112.0005
5829,103.09067
5830,93.83903
5831,112.0005
5832,93.179054
5833,112.0005
5837,113.02994
5838,93.83903
5839,93.83903
5842,103.09067
5844,112.0005
5845,103.09067
5846,114.88362
5848,77.410965
5850,112.0005
5851,93.179054
5853,93.83903
5854,103.09067
5858,103.09067
5860,112.0005
5864,103.09067
5866,93.83903
5867,112.0005
5868,93.179054
5869,112.0005
5870,93.179054
5871,112.0005
5874,112.0005
5876,112.0005
5877,93.179054
5878,93.179054
5879,112.0005
5880,93.179054
5884,93.83903
5886,112.0005
5890,93.83903
5896,93.83903
5897,103.09067
5898,93.83903
5901,103.09067
5903,112.0005
5906,93.179054
5908,112.0005
5909,93.179054
5910,112.0005
5911,93.83903
5912,112.0005
5914,112.0005
5919,112.0005
5924,93.179054
5926,93.83903
5929,103.09067
5930,93.83903
5932,93.83903
5933,112.0005
5934,93.179054
5935,112.0005
5936,93.179054
5937,112.0005
5938,93.179054
5939,113.02994
5942,112.0005
5943,93.83903
5944,103.09067
5946,112.0005
5951,93.179054
5953,103.09067
5954,93.83903
5957,103.09067
5961,93.83903
5962,103.09067
5964,77.410965
5965,93.83903
5968,112.0005
5969,93.179054
5974,93.179054
5975,112.0005
5978,77.410965
5981,103.09067
5982,93.83903
5983,112.0005
5989,113.02994
5991,93.83903
5992,103.09067
5995,93.83903
5996,103.09067
5997,112.0005
5998,93.179054
5999,77.410965
6001,112.0005
6002,93.179054
6003,112.0005
6004,93.83903
6006,112.0005
6007,93.179054
6011,93.83903
6012,103.09067
6014,93.83903
6015,103.09067
6016,93.83903
6017,112.0005
6018,93.83903
6024,93.83903
6025,103.09067
6026,112.0005
6028,112.0005
6029,77.410965
6030,93.179054
6036,112.0005
6040,93.83903
6041,112.0005
6042,93.179054
6044,93.83903
6045,103.09067
6047,103.09067
6048,93.83903
6049,112.0005
6051,114.88362
6052,112.0005
6053,93.179054
6054,112.0005
6058,103.09067
6059,93.83903
6062,93.83903
6063,114.88362
6064,103.09067
6065,93.83903
6067,93.179054
6068,112.0005
6070,103.09067
6071,93.83903
6072,112.0005
6080,112.0005
6081,93.83903
6084,103.09067
6087,93.179054
6089,103.09067
6092,112.0005
6094,93.83903
6095,112.0005
6097,114.88362
6100,93.179054
6104,103.09067
6105,93.83903
6106,112.0005
6107,77.410965
6108,93.179054
6109,112.0005
6110,93.179054
6114,112.0005
6116,93.83903
6117,103.09067
6118,93.83903
6123,77.410965
6125,112.0005
6128,112.0005
6130,103.09067
6132,112.0005
6137,77.410965
6139,112.0005
6140,93.179054
6141,114.88362
6142,103.09067
6144,103.09067
6145,93.83903
6146,93.179054
6149,93.179054
6156,93.83903
6159,112.0005
6160,93.179054
6162,103.09067
6164,112.0005
6165,93.179054
6168,77.410965
6169,112.0005
6170,93.83903
6171,112.0005
6172,93.179054
6173,112.0005
6176,93.83903
6177,93.179054
6178,93.83903
6180,93.83903
6181,103.09067
6182,93.83903
6185,93.83903
6186,112.0005
6188,112.0005
6189,93.179054
6192,103.09067
6193,93.83903
6194,103.09067
6195,93.83903
6196,114.88362
6197,93.83903
6201,112.0005
6202,93.179054
6203,112.0005
6204,93.83903
6207,114.88362
6209,93.179054
6210,93.179054
6211,112.0005
6213,112.0005
6216,93.179054
6217,93.179054
6219,93.83903
6222,77.410965
6223,93.83903
6235,93.83903
6240,93.83903
6242,93.83903
6247,93.83903
6251,112.0005
6254,112.0005
6255,93.83903
6260,103.09067
6261,93.83903
6262,103.09067
6264,112.0005
6269,103.09067
6271,103.09067
6275,112.0005
6276,93.179054
6278,93.83903
6279,112.0005
6281,112.0005
6284,93.179054
6286,93.83903
6287,77.410965
6288,93.83903
6292,93.179054
6293,93.83903
6295,93.83903
6298,112.0005
6300,112.0005
6304,103.09067
6308,112.0005
6310,93.83903
6312,112.0005
6320,93.83903
6324,93.179054
6325,112.0005
6330,93.83903
6336,112.0005
6340,103.09067
6341,93.83903
6342,103.09067
6344,93.83903
6345,112.0005
6347,112.0005
6348,93.179054
6349,112.0005
6351,77.410965
6353,112.0005
6354,93.83903
6357,93.83903
6358,103.09067
6360,103.09067
6363,113.02994
6364,93.179054
6368,112.0005
6370,93.179054
6371,93.83903
6377,93.179054
6379,93.83903
6381,93.179054
6382,77.410965
6383,112.0005
6388,112.0005
6390,112.0005
6392,103.09067
6393,93.83903
6395,93.83903
6398,103.09067
6401,77.410965
6402,93.179054
6403,112.0005
6405,93.179054
6406,93.179054
6407,112.0005
6409,103.09067
6411,93.179054
6413,93.83903
6416,103.09067
6417,93.83903
6418,93.179054
6419,114.88362
6420,112.0005
6426,112.0005
6429,93.179054
6430,93.83903
6431,112.0005
6432,93.179054
6434,93.83903
6437,112.0005
6438,93.83903
6439,103.09067
6440,93.83903
6441,93.179054
6442,112.0005
6443,93.179054
6445,93.83903
6448,112.0005
6450,112.0005
6453,93.83903
6455,93.83903
6457,93.179054
6458,112.0005
6461,93.83903
6464,112.0005
6467,93.83903
6469,93.83903
6470,77.410965
6471,93.179054
6473,103.09067
6474,93.83903
6479,93.83903
6481,93.179054
6484,112.0005
6495,93.179054
6496,112.0005
6505,112.0005
6506,93.83903
6508,93.83903
6509,93.83903
6510,103.09067
6512,103.09067
6513,93.83903
6514,112.0005
6515,93.179054
6519,93.83903
6521,93.83903
6523,77.410965
6525,103.09067
6526,93.83903
6528,93.83903
6529,112.0005
6531,103.09067
6533,103.09067
6534,93.83903
6535,112.0005
6536,93.179054
6537,112.0005
6540,93.179054
6541,112.0005
6547,93.83903
6548,112.0005
6551,112.0005
6553,112.0005
6555,103.09067
6556,93.83903
6561,77.410965
6564,93.179054
6565,112.0005
6568,93.83903
6569,112.0005
6573,103.09067
6574,93.83903
6577,112.0005
6579,113.02994
6581,93.179054
6582,112.0005
6585,103.09067
6586,93.83903
6589,103.09067
6590,77.410965
6593,93.179054
6594,112.0005
6595,93.179054
6599,93.179054
6600,93.179054
6601,112.0005
6602,93.179054
6603,112.0005
6604,93.83903
6607,103.09067
6608,103.09067
6609,93.83903
6611,93.83903
6613,112.0005
6614,93.179054
6616,93.179054
6617,112.0005
6618,93.83903
6619,103.09067
6621,103.09067
6627,103.09067
6629,112.0005
6631,77.410965
6634,93.83903
6636,93.83903
6638,93.83903
6639,112.0005
6641,112.0005
6642,93.83903
6651,114.88362
6654,77.410965
6657,93.83903
6663,93.179054
6665,112.0005
6666,93.179054
6668,93.83903
6669,103.09067
6670,93.83903
6671,93.83903
6673,93.83903
6675,93.179054
6676,77.410965
6677,93.83903
6679,93.179054
6680,112.0005
6681,103.09067
6685,103.09067
6688,93.83903
6689,93.179054
6690,112.0005
6692,112.0005
6693,93.179054
6694,93.83903
6698,114.88362
6699,93.83903
6700,112.0005
6701,93.179054
6702,112.0005
6704,93.179054
6707,112.0005
6712,112.0005
6713,93.179054
6715,93.83903
6721,112.0005
6722,93.83903
6723,112.0005
6724,93.179054
6725,114.88362
6731,112.0005
6735,94.012535
6736,93.83903
6737,103.09067
6738,93.83903
6739,103.09067
6741,103.09067
6743,93.179054
6745,93.83903
6747,112.0005
6749,93.83903
6750,103.09067
6751,114.88362
6752,93.83903
6753,112.0005
6755,112.0005
6756,93.83903
6757,103.09067
6759,112.0005
6761,93.179054
6763,93.179054
6764,114.88362
6765,93.83903
6766,112.0005
6768,112.0005
6771,93.179054
6773,93.83903
6774,93.83903
6778,103.09067
6779,93.83903
6781,93.179054
6784,93.83903
6786,93.179054
6787,112.0005
6790,93.179054
6793,103.09067
6795,112.0005
6798,112.0005
6806,103.09067
6807,93.83903
6810,93.83903
6815,112.0005
6816,93.179054
6817,103.09067
6818,93.83903
6819,103.09067
6820,93.83903
6822,93.179054
6823,114.88362
6824,112.0005
6825,93.179054
6828,77.410965
6829,112.0005
6831,112.0005
6832,93.83903
6833,112.0005
6834,93.179054
6836,93.179054
6837,112.0005
6838,93.179054
6840,103.09067
6843,93.179054
6845,93.179054
6846,93.83903
6847,112.0005
6851,112.0005
6852,93.179054
6853,112.0005
6858,93.83903
6861,112.0005
6863,112.0005
6864,77.410965
6865,93.83903
6866,112.0005
6867,93.83903
6868,103.09067
6869,93.83903
6870,112.0005
6874,112.0005
6875,93.179054
6877,112.0005
6878,93.179054
6880,93.83903
6883,112.0005
6884,93.179054
6886,93.83903
6890,93.83903
6893,112.0005
6894,93.179054
6899,112.0005
6900,93.179054
6904,93.179054
6905,112.0005
6906,93.179054
6910,93.179054
6912,103.09067
6913,112.0005
6920,93.83903
6922,93.179054
6923,112.0005
6926,93.83903
6927,112.0005
6928,93.179054
6931,111.20043
6933,93.83903
6936,93.179054
6937,112.0005
6939,113.02994
6941,93.179054
6942,113.02994
6943,93.83903
6944,103.09067
6945,93.83903
6946,112.0005
6947,114.88362
6949,103.09067
6951,103.09067
6953,113.02994
6954,93.179054
6955,112.0005
6963,111.20043
6964,93.179054
6966,93.179054
6968,93.83903
6970,103.09067
6972,113.02994
6976,112.0005
6978,112.0005
6981,103.09067
6985,103.09067
6986,93.83903
6987,112.0005
6989,112.0005
6991,114.88362
6993,113.02994
6994,93.83903
6995,112.0005
6996,93.179054
6997,112.0005
6998,77.410965
7001,111.20043
7003,113.02994
7006,93.83903
7008,93.83903
7010,93.179054
7011,93.83903
7012,113.02994
7013,93.179054
7014,112.0005
7017,103.09067
7018,93.83903
7019,93.179054
7023,93.83903
7024,103.09067
7025,93.83903
7026,112.0005
7027,93.179054
7028,113.02994
7030,112.0005
7031,93.179054
7033,112.0005
7036,93.83903
7037,93.83903
7039,93.83903
7044,93.179054
7045,112.0005
7046,93.179054
7049,103.09067
7050,93.83903
7051,103.09067
7054,111.20043
7055,93.179054
7057,93.83903
7060,112.0005
7061,93.83903
7063,93.179054
7064,112.0005
7067,93.83903
7071,93.83903
7074,103.09067
7075,93.83903
7078,112.0005
7079,93.179054
7080,112.0005
7081,93.83903
7082,112.0005
7083,93.179054
7085,114.88362
7092,103.09067
7094,93.83903
7100,93.179054
7101,112.0005
7102,112.0005
7104,112.0005
7105,93.83903
7106,93.83903
7107,103.09067
7108,77.410965
7109,93.179054
7110,112.0005
7112,93.83903
7113,103.09067
7114,93.83903
7116,112.0005
7117,93.83903
7118,103.09067
7120,93.83903
7121,103.09067
7123,103.09067
7124,93.83903
7127,103.09067
7131,103.09067
7132,93.83903
7133,93.179054
7134,112.0005
7135,93.179054
7136,112.0005
7137,93.83903
7141,93.179054
7144,103.09067
7147,112.0005
7148,93.83903
7150,93.179054
7151,93.83903
7152,103.09067
7154,93.83903
7156,93.83903
7157,103.09067
7159,114.88362
7161,93.83903
7163,93.83903
7164,103.09067
7167,77.410965
7169,103.09067
7170,93.83903
7173,93.83903
7174,103.09067
7177,112.0005
7178,103.09067
7179,93.83903
7180,77.410965
7181,112.0005
7182,93.179054
7184,93.83903
7185,112.0005
7186,93.179054
7187,114.88362
7188,93.179054
7189,112.0005
7191,103.09067
7193,111.20043
7197,93.179054
7199,93.83903
7200,112.0005
7201,93.179054
7204,93.179054
7207,112.0005
7209,112.0005
7210,93.83903
7211,103.09067
7213,93.179054
7214,112.0005
7216,112.0005
7217,93.179054
7220,112.0005
7224,112.0005
7225,93.179054
7226,112.0005
7227,93.83903
7234,112.0005
7236,94.012535
7239,103.09067
7240,93.83903
7242,113.02994
7244,112.0005
7245,93.179054
7247,112.0005
7248,93.179054
7249,114.88362
7250,112.0005
7251,93.179054
7252,112.0005
7253,77.410965
7256,93.83903
7260,93.179054
7261,112.0005
7264,93.83903
7269,112.0005
7270,93.179054
7273,112.0005
7279,93.179054
7281,112.0005
7284,93.179054
7285,112.0005
7286,114.88362
7287,93.179054
7289,93.83903
7292,93.83903
7293,112.0005
7296,93.83903
7297,112.0005
7298,93.179054
7299,112.0005
7301,103.09067
7304,112.0005
7306,113.02994
7308,93.83903
7309,103.09067
7312,93.83903
7313,77.410965
7314,93.179054
7316,93.179054
7319,112.0005
7321,93.83903
7323,93.83903
7324,103.09067
7325,93.83903
7328,103.09067
7330,77.410965
7334,93.83903
7337,112.0005
7338,93.83903
7339,93.179054
7341,93.179054
7342,112.0005
7344,112.0005
7345,112.0005
7347,111.20043
7349,112.0005
7350,93.83903
7353,112.0005
7355,112.0005
7356,93.179054
7357,112.0005
7358,93.83903
7360,93.83903
7363,103.09067
7364,93.83903
7366,93.83903
7368,93.83903
7369,112.0005
7370,93.179054
7373,93.179054
7374,112.0005
7375,93.83903
7377,93.83903
7379,93.179054
7380,114.88362
7382,112.0005
7383,93.179054
7385,93.83903
7386,103.09067
7391,93.83903
7394,109.39077
7396,112.0005
7397,93.83903
7399,93.83903
7400,103.09067
7403,77.410965
7405,112.0005
7408,112.0005
7414,112.0005
7416,103.09067
7417,93.83903
7419,93.83903
7420,109.39077
7421,93.83903
7422,93.83903
7423,103.09067
7425,77.410965
7430,93.83903
7432,93.83903
7433,93.83903
7434,112.0005
7436,111.20043
7437,93.83903
7438,103.09067
7440,103.09067
7441,93.83903
7442,112.0005
7445,112.0005
7446,103.09067
7448,112.0005
7450,103.09067
7451,93.83903
7454,112.0005
7455,93.83903
7457,112.0005
7459,103.09067
7462,93.179054
7464,93.83903
7465,112.0005
7466,93.179054
7467,112.0005
7469,112.0005
7472,93.83903
7473,112.0005
7479,93.83903
7480,103.09067
7484,112.0005
7491,93.83903
7494,103.09067
7495,93.83903
7501,93.179054
7503,93.83903
7504,103.09067
7505,93.83903
7508,112.0005
7509,93.179054
7510,77.410965
7511,112.0005
7515,93.83903
7516,103.09067
7517,93.83903
7518,103.09067
7519,93.83903
7521,93.83903
7522,103.09067
7524,103.09067
7526,103.09067
7527,93.83903
7528,103.09067
7529,93.83903
7534,112.0005
7537,112.0005
7538,93.179054
7540,93.83903
7541,112.0005
7545,112.0005
7551,112.0005
7553,93.83903
7554,103.09067
7555,93.83903
7561,112.0005
7562,93.179054
7564,93.83903
7565,103.09067
7566,93.83903
7567,113.02994
7569,103.09067
7570,93.83903
7571,114.88362
7572,93.179054
7574,103.09067
7578,112.0005
7579,93.179054
7586,93.83903
7587,77.410965
7590,93.83903
7593,112.0005
7594,93.83903
7595,93.83903
7600,93.83903
7601,77.410965
7602,93.179054
7603,112.0005
7604,93.83903
7606,93.179054
7608,112.0005
7613,77.410965
7615,112.0005
7616,111.20043
7617,112.0005
7618,93.83903
7619,103.09067
7622,93.83903
7623,103.09067
7624,93.83903
7625,103.09067
7626,93.83903
7627,103.09067
7628,77.410965
7631,103.09067
7632,103.09067
7633,93.83903
7634,113.02994
7635,93.179054
7636,112.0005
7637,112.0005
7639,93.83903
7640,77.410965
7644,112.0005
7645,93.179054
7648,103.09067
7649,93.83903
7650,112.0005
7652,112.0005
7653,93.179054
7655,93.179054
7659,112.0005
7662,93.179054
7664,93.179054
7666,93.83903
7668,93.83903
7669,113.02994
7670,93.83903
7672,93.83903
7673,112.0005
7678,93.83903
7679,77.410965
7680,103.09067
7683,93.179054
7685,114.88362
7688,93.83903
7690,111.20043
7692,93.83903
7693,93.83903
7695,112.0005
7696,93.83903
7698,93.179054
7699,112.0005
7702,93.179054
7703,112.0005
7704,93.83903
7707,112.0005
7713,77.410965
7715,103.09067
7717,112.0005
7718,93.83903
7719,103.09067
7721,113.02994
7722,93.83903
7725,103.09067
7727,103.09067
7730,77.410965
7733,93.179054
7735,103.09067
7740,112.0005
7741,112.0005
7742,93.179054
7744,112.0005
7747,93.83903
7750,77.410965
7752,112.0005
7754,112.0005
7756,103.09067
7757,93.83903
7758,103.09067
7760,103.09067
7761,93.83903
7763,112.0005
7765,93.83903
7767,112.0005
7768,93.83903
7771,93.83903
7773,93.179054
7774,112.0005
7776,103.09067
7779,93.83903
7783,93.179054
7786,103.09067
7787,93.83903
7789,93.83903
7791,93.83903
7793,93.83903
7794,112.0005
7795,93.179054
7799,77.410965
7800,112.0005
7802,93.83903
7805,112.0005
7807,103.09067
7808,93.83903
7811,103.09067
7817,111.20043
7818,103.09067
7819,93.83903
7822,93.83903
7823,112.0005
7825,112.0005
7828,93.179054
7832,93.179054
7833,77.410965
7834,112.0005
7835,93.83903
7837,93.83903
7840,93.83903
7842,93.179054
7843,112.0005
7844,93.83903
7846,93.83903
7850,93.83903
7853,112.0005
7855,112.0005
7858,93.83903
7863,112.0005
7865,112.0005
7866,93.179054
7868,93.179054
7869,112.0005
7871,77.410965
7872,103.09067
7874,103.09067
7877,112.0005
7878,93.179054
7879,112.0005
7881,93.179054
7883,93.83903
7885,103.09067
7886,93.83903
7889,93.83903
7890,103.09067
7891,93.83903
7893,93.83903
7894,103.09067
7896,112.0005
7898,103.09067
7901,93.83903
7902,111.20043
7904,112.0005
7905,93.83903
7906,113.02994
7909,93.83903
7910,103.09067
7913,93.179054
7918,112.0005
7919,93.179054
7923,93.179054
7925,93.83903
7927,93.179054
7930,93.83903
7932,93.83903
7933,93.179054
7935,93.83903
7939,103.09067
7942,93.179054
7943,113.02994
7945,103.09067
7946,93.83903
7948,93.83903
7949,112.0005
7950,93.179054
7951,112.0005
7955,103.09067
7959,93.83903
7960,112.0005
7961,93.83903
7962,103.09067
7964,103.09067
7965,93.83903
7966,112.0005
7967,103.09067
7968,93.83903
7971,103.09067
7974,93.179054
7976,109.39077
7978,112.0005
7982,112.0005
7983,93.83903
7984,103.09067
7986,93.179054
7989,112.0005
7991,111.20043
7992,112.0005
7993,93.179054
7994,112.0005
7995,93.179054
7997,93.83903
7998,103.09067
7999,111.20043
8002,93.179054
8007,93.179054
8009,93.83903
8011,93.179054
8013,93.83903
8015,103.09067
8017,112.0005
8019,114.88362
8023,93.83903
8024,112.0005
8026,112.0005
8027,93.179054
8029,93.83903
8030,112.0005
8031,93.179054
8033,93.83903
8035,93.83903
8036,103.09067
8039,103.09067
8042,93.179054
8044,93.179054
8046,77.410965
8048,112.0005
8049,93.83903
8050,103.09067
8053,93.83903
8054,93.179054
8059,93.83903
8061,93.179054
8062,112.0005
8064,112.0005
8066,103.09067
8067,93.83903
8068,93.83903
8070,93.83903
8071,112.0005
8072,93.179054
8076,93.179054
8080,93.179054
8081,112.0005
8084,93.83903
8087,112.0005
8089,93.179054
8090,114.88362
8091,103.09067
8094,112.0005
8100,93.179054
8101,93.83903
8110,93.83903
8111,111.20043
8112,93.83903
8115,113.02994
8116,93.83903
8118,112.0005
8121,114.88362
8125,112.0005
8127,112.0005
8128,93.179054
8129,111.20043
8131,93.83903
8138,93.83903
8139,103.09067
8140,93.83903
8141,93.179054
8142,112.0005
8143,112.0005
8145,112.0005
8146,93.179054
8148,112.0005
8153,112.0005
8154,93.179054
8155,112.0005
8161,93.83903
8162,112.0005
8163,93.179054
8166,112.0005
8168,112.0005
8170,93.179054
8172,111.20043
8173,93.179054
8176,103.09067
8179,93.83903
8181,93.83903
8182,114.88362
8184,112.0005
8190,103.09067
8191,93.83903
8194,112.0005
8196,113.02994
8198,112.0005
8199,112.0005
8201,112.0005
8202,93.83903
8207,93.83903
8208,111.20043
8211,112.0005
8214,111.20043
8217,93.83903
8218,112.0005
8222,93.83903
8229,103.09067
8231,93.179054
8233,93.83903
8236,93.83903
8238,112.0005
8240,103.09067
8243,103.09067
8246,112.0005
8250,93.179054
8254,93.83903
8256,77.410965
8257,112.0005
8258,93.179054
8260,93.83903
8261,112.0005
8263,113.02994
8264,93.83903
8267,112.0005
8268,93.179054
8271,93.179054
8272,111.20043
8275,93.83903
8276,93.83903
8277,103.09067
8278,114.88362
8279,93.179054
8280,112.0005
8281,93.83903
8282,112.0005
8287,112.0005
8288,93.179054
8289,112.0005
8294,93.179054
8296,93.179054
8299,112.0005
8302,103.09067
8308,112.0005
8314,103.09067
8315,93.83903
8316,113.02994
8317,93.179054
8319,112.0005
8320,93.179054
8321,114.88362
8323,93.83903
8325,93.83903
8326,112.0005
8328,111.20043
8330,112.0005
8331,93.179054
8332,112.0005
8334,93.83903
8338,93.179054
8339,93.83903
8341,93.179054
8345,112.0005
8346,93.83903
8347,103.09067
8349,93.83903
8351,93.83903
8352,112.0005
8353,111.20043
8355,112.0005
8358,111.20043
8359,112.0005
8360,93.179054
8361,112.0005
8363,103.09067
8364,93.83903
8365,93.83903
8366,103.09067
8370,112.0005
8372,93.83903
8376,93.83903
8377,112.0005
8379,112.0005
8380,93.179054
8381,112.0005
8386,93.179054
8388,103.09067
8389,93.83903
8391,112.0005
8394,93.83903
8396,103.09067
8398,103.09067
8400,112.0005
8401,93.179054
8404,93.179054
8407,93.83903
8408,112.0005
8409,111.20043
8410,103.09067
8411,93.83903
8413,93.179054
8414,112.0005
8416,93.83903
